key,n,p30,p45,p60,period,product,split
9E,15796,0.21220562167637377,0.17409470752089137,0.14434033932641174,2024-07,dep,airline
AA,85707,0.28926458748993666,0.22919948195596626,0.18276220145379024,2024-07,dep,airline
AS,23625,0.13265608465608467,0.07906878306878307,0.05151322751322751,2024-07,dep,airline
B6,19852,0.22526697561958492,0.17605279065081603,0.14018738666129357,2024-07,dep,airline
DL,85878,0.21871725005239992,0.17229092433452106,0.14028039777358578,2024-07,dep,airline
F9,18516,0.24216893497515662,0.1855692374162886,0.1412292071721754,2024-07,dep,airline
G4,12419,0.19252757871004106,0.14590546742893953,0.11442145100249618,2024-07,dep,airline
HA,6756,0.06645944345766726,0.03626406157489639,0.023978685612788632,2024-07,dep,airline
MQ,25769,0.1749388800496721,0.12332647755054522,0.08921572431991928,2024-07,dep,airline
NK,23436,0.27043864140638335,0.20822665983956307,0.16427718040621267,2024-07,dep,airline
OH,19217,0.24722901597543842,0.20180048915023158,0.1684446063381381,2024-07,dep,airline
OO,63182,0.14016650311797663,0.10632775157481561,0.08271343104048622,2024-07,dep,airline
UA,62691,0.20674418975610534,0.16314941538657862,0.1328579859947999,2024-07,dep,airline
WN,126291,0.19584926875232597,0.12798219984005194,0.08944422009486028,2024-07,dep,airline
YX,24803,0.14070878522759345,0.11006733056485103,0.08801354674837722,2024-07,dep,airline
1,101769,0.22378130864998183,0.1697668248680836,0.13293832109974552,2024-07,dep,dow
2,98462,0.18726005971847007,0.13868294367370154,0.10708699802969673,2024-07,dep,dow
3,100114,0.18117346225303155,0.13362766446251273,0.10106478614379608,2024-07,dep,dow
4,79670,0.1748085854148362,0.12794025354587674,0.09610894941634242,2024-07,dep,dow
5,79084,0.2573466187850893,0.19947144808052197,0.16070254413029184,2024-07,dep,dow
6,73927,0.19415098678426015,0.14195084339956984,0.11033857724512018,2024-07,dep,dow
7,80912,0.24116323907455012,0.18599218904488826,0.1470115681233933,2024-07,dep,dow
0001-0559,20815,0.09488349747778045,0.07273600768676436,0.059140043238049486,2024-07,dep,time_blk
0600-0659,43084,0.07566614056262186,0.0602311763067496,0.051132671061182806,2024-07,dep,time_blk
0700-0759,43261,0.09595247451515222,0.07433947435334366,0.059614895633480505,2024-07,dep,time_blk
0800-0859,41525,0.10971703792895846,0.08127633955448525,0.06227573750752559,2024-07,dep,time_blk
0900-0959,34004,0.12289730619927067,0.0889307140336431,0.06905069991765675,2024-07,dep,time_blk
1000-1059,37326,0.13583025237100144,0.0986711675507689,0.0764078658307882,2024-07,dep,time_blk
1100-1159,37818,0.1545295890845629,0.11158707493786028,0.08472156116135174,2024-07,dep,time_blk
1200-1259,34628,0.16226752916714798,0.11831465865773362,0.09073582072311424,2024-07,dep,time_blk
1300-1359,35911,0.1896633343543761,0.13823062571356967,0.10651332460805882,2024-07,dep,time_blk
1400-1459,34608,0.21772422561257512,0.160916551086454,0.12245723532131299,2024-07,dep,time_blk
1500-1559,34359,0.24898862015774614,0.18297971419424314,0.1401961640327134,2024-07,dep,time_blk
1600-1659,34204,0.27312595018126534,0.2064963162203251,0.16141386972283944,2024-07,dep,time_blk
1700-1759,37363,0.2979953429863769,0.2269357385648904,0.17653828654016004,2024-07,dep,time_blk
1800-1859,36754,0.32600533275289767,0.24965990096316049,0.19646841160145834,2024-07,dep,time_blk
1900-1959,34151,0.34426517525109074,0.26371116511961584,0.2055869520658253,2024-07,dep,time_blk
2000-2059,28826,0.3562408936376882,0.27378061472281967,0.21740789564976062,2024-07,dep,time_blk
2100-2159,22988,0.3502697059335305,0.2633547938054637,0.20171393770662954,2024-07,dep,time_blk
2200-2259,16288,0.34847740667976423,0.26455058939096265,0.2056114931237721,2024-07,dep,time_blk
2300-2359,6025,0.28680497925311205,0.2154356846473029,0.16132780082987552,2024-07,dep,time_blk
0-500,207776,0.19803538425997227,0.15023871862005236,0.11731383797936239,2024-07,dep,distance
501-1000,226005,0.21313245282184023,0.16102298621711908,0.12582907457799605,2024-07,dep,distance
1001-1500,95665,0.22104217843516438,0.16450112371295667,0.12742382271468145,2024-07,dep,distance
1501-3000,82957,0.2021649770362959,0.14811287775594584,0.11398676422725026,2024-07,dep,distance
3000+,1535,0.17068403908794788,0.12312703583061889,0.09771986970684039,2024-07,dep,distance
ATL,28195,0.26866465685405216,0.2093988295797127,0.1660223443873027,2024-07,dep,origin_airport
BOS,12531,0.19455749740643205,0.15122496209400688,0.1193839278589099,2024-07,dep,origin_airport
CLT,18282,0.35904168034131934,0.29280166283776393,0.23914232578492506,2024-07,dep,origin_airport
DCA,11511,0.2096255755364434,0.1658413691251846,0.13456693597428546,2024-07,dep,origin_airport
DEN,27826,0.19711780349313593,0.1432832602601883,0.10651908287213398,2024-07,dep,origin_airport
DFW,28464,0.2699901630129286,0.20359050028105677,0.15707560427206296,2024-07,dep,origin_airport
LAS,15676,0.23909160500127583,0.17108956366420006,0.12566981372799182,2024-07,dep,origin_airport
LAX,17033,0.15804614571713732,0.11436623025890917,0.08771208829918394,2024-07,dep,origin_airport
LGA,13506,0.2016881386050644,0.16007700281356435,0.13046053605804828,2024-07,dep,origin_airport
MCO,12937,0.257092061528948,0.19780474607714307,0.15567751410682537,2024-07,dep,origin_airport
MSP,11261,0.21570020424473849,0.16268537430068378,0.12476689459195453,2024-07,dep,origin_airport
ORD,23783,0.2301223563049237,0.17747971239961316,0.1392591346760291,2024-07,dep,origin_airport
PHX,15414,0.1862592448423511,0.13487738419618528,0.10172570390554042,2024-07,dep,origin_airport
SEA,15890,0.1446821900566394,0.08848332284455633,0.060541220893643805,2024-07,dep,origin_airport
SFO,11510,0.15647263249348392,0.11407471763683753,0.08818418766290183,2024-07,dep,origin_airport
9E,15796,0.2242972904532793,0.18365408964294758,0.15117751329450493,2024-07,arr,airline
AA,85707,0.2890662372968369,0.2265975941288343,0.1822021538497439,2024-07,arr,airline
AS,23625,0.14433862433862435,0.0866031746031746,0.05604232804232804,2024-07,arr,airline
B6,19852,0.2331754986903083,0.1834575861374169,0.1453757807777554,2024-07,arr,airline
DL,85878,0.22130231258296654,0.17473625375532734,0.14265586063951186,2024-07,arr,airline
F9,18516,0.25826312378483474,0.19512853748109743,0.15041045582199178,2024-07,arr,airline
G4,12419,0.2106449794669458,0.15975521378532892,0.12062162815041469,2024-07,arr,airline
HA,6756,0.06719952634695085,0.03744819419775015,0.023682652457075192,2024-07,arr,airline
MQ,25769,0.18875392913966393,0.13298925065000583,0.09573518568823004,2024-07,arr,airline
NK,23436,0.2665557262331456,0.20506912442396313,0.16047960402799114,2024-07,arr,airline
OH,19217,0.2588853619191341,0.21049071134932612,0.1748451891554353,2024-07,arr,airline
OO,63182,0.1458643284479757,0.1090025640213985,0.08374220505840271,2024-07,arr,airline
UA,62691,0.2103810754334753,0.1647285894306998,0.13357579237849132,2024-07,arr,airline
WN,126291,0.18318011576438542,0.12308082127784244,0.08761511113222636,2024-07,arr,airline
YX,24803,0.1625206628230456,0.12542837559972583,0.09777043099625045,2024-07,arr,airline
1,101769,0.22662107321482966,0.17283259145712349,0.135041122542228,2024-07,arr,dow
2,98462,0.18976864170949198,0.14168917958197072,0.11028620178342914,2024-07,arr,dow
3,100114,0.1921609365323531,0.14151866871766186,0.10766725932437021,2024-07,arr,dow
4,79670,0.1753106564578888,0.12761390736789255,0.09761516254550019,2024-07,arr,dow
5,79084,0.25772596226796823,0.19856102372161247,0.1583632593192049,2024-07,arr,dow
6,73927,0.18615661395701164,0.13791983984200631,0.10780905487846118,2024-07,arr,dow
7,80912,0.24437660668380462,0.18834041922088193,0.14829691516709512,2024-07,arr,dow
0001-0559,18994,0.3107823523217858,0.227492892492366,0.17531852163841213,2024-07,arr,time_blk
0600-0659,10822,0.11892441323230457,0.09157272223248937,0.07318425429680281,2024-07,arr,time_blk
0700-0759,26420,0.08421650264950795,0.06506434519303558,0.054125662376987134,2024-07,arr,time_blk
0800-0859,29858,0.08882041663875678,0.0678880032152187,0.05629981914394802,2024-07,arr,time_blk
0900-0959,38387,0.09766327142001198,0.0722379972386485,0.05697241253549379,2024-07,arr,time_blk
1000-1059,34314,0.10774028093489538,0.07827708806900974,0.060733228419886924,2024-07,arr,time_blk
1100-1159,36320,0.11093061674008811,0.0816079295154185,0.06225220264317181,2024-07,arr,time_blk
1200-1259,36718,0.1242714744811809,0.09009205294406013,0.06887630045209434,2024-07,arr,time_blk
1300-1359,34845,0.14745300617018223,0.10733247237767254,0.0806715454154111,2024-07,arr,time_blk
1400-1459,34540,0.15964099594672843,0.11580775911986103,0.0877533294730747,2024-07,arr,time_blk
1500-1559,32974,0.1916661612179293,0.14029235154970582,0.10662946563959483,2024-07,arr,time_blk
1600-1659,36994,0.2141428339730767,0.15683624371519705,0.12056009082553927,2024-07,arr,time_blk
1700-1759,38394,0.25647236547377195,0.19180080220867843,0.1485648799291556,2024-07,arr,time_blk
1800-1859,35186,0.29383845847780365,0.22236116637298925,0.17342124708690956,2024-07,arr,time_blk
1900-1959,36577,0.3101129124859885,0.23883861442983295,0.1876589113377259,2024-07,arr,time_blk
2000-2059,33840,0.3119385342789598,0.23921394799054374,0.18661347517730498,2024-07,arr,time_blk
2100-2159,37197,0.3419899454257064,0.26561281823802996,0.2101513562921741,2024-07,arr,time_blk
2200-2259,30643,0.34546225891720783,0.26704304408837254,0.21241392814019516,2024-07,arr,time_blk
2300-2359,30915,0.33896166909267345,0.25793304221251817,0.2014556040756914,2024-07,arr,time_blk
0-500,207776,0.201466964423225,0.1531168181118127,0.12052883874942245,2024-07,arr,distance
501-1000,226005,0.2171013915621336,0.16418220835822217,0.12808123714077121,2024-07,arr,distance
1001-1500,95665,0.22024773950765691,0.16413526368055192,0.1270266032509277,2024-07,arr,distance
1501-3000,82957,0.20044119242499125,0.14728112154489675,0.11301035476210566,2024-07,arr,distance
3000+,1535,0.16026058631921825,0.11270358306188925,0.08729641693811074,2024-07,arr,distance
ATL,28195,0.27948217769107997,0.2193296683809186,0.17637879056570313,2024-07,arr,origin_airport
BOS,12531,0.20006384167265182,0.1564919000877823,0.11946372994972468,2024-07,arr,origin_airport
CLT,18282,0.35800240673886885,0.2883163767640302,0.23717317580133465,2024-07,arr,origin_airport
DCA,11511,0.22343845017809053,0.17452871166710104,0.14064807575362698,2024-07,arr,origin_airport
DEN,27826,0.18863652698914685,0.13505354704233452,0.09979874937109179,2024-07,arr,origin_airport
DFW,28464,0.26949831365935917,0.2003232152894885,0.15366779089376054,2024-07,arr,origin_airport
LAS,15676,0.2306710895636642,0.1686016841030875,0.12413881092115335,2024-07,arr,origin_airport
LAX,17033,0.15822227440850115,0.11442493982269712,0.08753595960782011,2024-07,arr,origin_airport
LGA,13506,0.22656597067969791,0.18043832370798163,0.14793425144380276,2024-07,arr,origin_airport
MCO,12937,0.26080234984926953,0.20159233207080468,0.16340728144082864,2024-07,arr,origin_airport
MSP,11261,0.20610958174229643,0.15717964656780037,0.12254684308675962,2024-07,arr,origin_airport
ORD,23783,0.239372661144515,0.18290375478282808,0.14173989824664676,2024-07,arr,origin_airport
PHX,15414,0.1804852731283249,0.130530686388997,0.0993252886985857,2024-07,arr,origin_airport
SEA,15890,0.14965387035871616,0.08999370673379484,0.060541220893643805,2024-07,arr,origin_airport
SFO,11510,0.14943527367506515,0.11225021720243267,0.08349261511728931,2024-07,arr,origin_airport
